{
  "1": {
    "overall_da": 0.5269256987048399,
    "crash_da": 0.4962686567164179,
    "n_crash": 268,
    "epochs": 150,
    "seed": 142
  },
  "5": {
    "overall_da": 0.5639097744360902,
    "crash_da": 0.44776119402985076,
    "n_crash": 268,
    "epochs": 150,
    "seed": 542
  },
  "10": {
    "overall_da": 0.5733882030178327,
    "crash_da": 0.376865671641791,
    "n_crash": 268,
    "epochs": 150,
    "seed": 1042
  },
  "21": {
    "overall_da": 0.5431928127159641,
    "crash_da": 0.30597014925373134,
    "n_crash": 268,
    "epochs": 150,
    "seed": 2142
  }
}
