{
  "H": 10,
  "fold": "F5_Original",
  "policy": "adapt-once (matches Tables 4-7)",
  "base_crash_per_seed": [
    0.376865671641791,
    0.3694029850746269,
    0.3656716417910448
  ],
  "base_crash_mean": 0.3706467661691542,
  "base_crash_std": 0.004653802719868075,
  "full_crash_per_seed": [
    0.5261194029850746,
    0.5223880597014925,
    0.5559701492537313
  ],
  "full_crash_mean": 0.5348258706467662,
  "full_crash_std": 0.015028664146261911,
  "delta_per_seed": [
    0.14925373134328362,
    0.1529850746268656,
    0.19029850746268656
  ],
  "delta_mean": 0.16417910447761194,
  "delta_std": 0.018531920927551414
}